alpha,tau_index,phi,r_integer,r_k_actual,phase,num_anchors,avg_cluster_size,max_cluster_size,total_nodes,avg_friends_count,max_friends_count,avg_net_tree_cover,max_net_tree_cover
1,8,9,10000000,1e+07,1,1,42580,42580,42580,0,0,0,0
1,8,9,440,440.844,1,1,42580,42580,42580,0,0,0,0
1,8,9,440,440.844,512,2,21289.5,42579,42579,0,0,0,0
1,8,9,265,265.556,512,3,14192.7,42541,42578,0.666667,1,0,0
1,8,9,439,439,512,3,14192.7,42466,42578,2,2,0,0
1,8,9,438,438,512,3,14192.7,42466,42578,2,2,0,0
1,8,9,437,437,512,3,14192.7,42466,42578,2,2,0,0
1,8,9,436,436,512,3,14192.7,42466,42578,2,2,0,0
1,8,9,435,435,512,3,14192.7,42466,42578,2,2,0,0
1,8,9,434,434,512,3,14192.7,42466,42578,2,2,0,0
1,8,9,433,433,512,3,14192.7,42466,42578,2,2,0,0
1,8,9,432,432,512,3,14192.7,42466,42578,2,2,0,0
1,8,9,431,431,512,3,14192.7,42466,42578,2,2,0,0
1,8,9,430,430,512,3,14192.7,42466,42578,2,2,0,0
1,8,9,429,429,512,3,14192.7,42466,42578,2,2,0,0
1,8,9,428,428,512,3,14192.7,42466,42578,2,2,0,0
1,8,9,427,427,512,3,14192.7,42466,42578,2,2,0,0
1,8,9,426,426,512,3,14192.7,42466,42578,2,2,0,0
1,8,9,425,425,512,3,14192.7,42466,42578,2,2,0,0
1,8,9,424,424,512,3,14192.7,42466,42578,2,2,0,0
1,8,9,423,423,512,3,14192.7,42466,42578,2,2,0,0
1,8,9,422,422,512,3,14192.7,42466,42578,2,2,0,0
1,8,9,421,421,512,3,14192.7,42466,42578,2,2,0,0
1,8,9,420,420,512,3,14192.7,42466,42578,2,2,0,0
1,8,9,419,419,512,3,14192.7,42466,42578,2,2,0,0
1,8,9,418,418,512,3,14192.7,42466,42578,2,2,0,0
1,8,9,417,417,512,3,14192.7,42466,42578,2,2,0,0
1,8,9,416,416,512,3,14192.7,42466,42578,2,2,0,0
1,8,9,415,415,512,3,14192.7,42466,42578,2,2,0,0
1,8,9,414,414,512,3,14192.7,42466,42578,2,2,0,0
1,8,9,413,413,512,3,14192.7,42466,42578,2,2,0,0
1,8,9,412,412,512,3,14192.7,42466,42578,2,2,0,0
1,8,9,411,411,512,3,14192.7,42466,42578,2,2,0,0
1,8,9,410,410,512,3,14192.7,42466,42578,2,2,0,0
1,8,9,409,409,512,3,14192.7,42466,42578,2,2,0,0
1,8,9,408,408,512,3,14192.7,42466,42578,2,2,0,0
1,8,9,407,407,512,3,14192.7,42466,42578,2,2,0,0
1,8,9,406,406,512,3,14192.7,42466,42578,2,2,0,0
1,8,9,405,405,512,3,14192.7,42466,42578,2,2,0,0
1,8,9,404,404,512,3,14192.7,42466,42578,2,2,0,0
1,8,9,403,403,512,3,14192.7,42466,42578,2,2,0,0
1,8,9,402,402,512,3,14192.7,42466,42578,2,2,0,0
1,8,9,401,401,512,3,14192.7,42466,42578,2,2,0,0
1,8,9,400,400,512,3,14192.7,42466,42578,2,2,0,0
1,8,9,399,399,512,3,14192.7,42466,42578,2,2,0,0
1,8,9,398,398,512,3,14192.7,42466,42578,2,2,0,0
1,8,9,397,397,512,3,14192.7,42466,42578,2,2,0,0
1,8,9,396,396,512,3,14192.7,42466,42578,2,2,0,0
1,8,9,395,395,512,3,14192.7,42466,42578,2,2,0,0
1,8,9,394,394,512,3,14192.7,42466,42578,2,2,0,0
1,8,9,393,393,512,3,14192.7,42466,42578,2,2,0,0
1,8,9,392,392,512,3,14192.7,42466,42578,2,2,0,0
1,8,9,391,391,512,3,14192.7,42466,42578,2,2,0,0
1,8,9,390,390,512,3,14192.7,42466,42578,2,2,0,0
1,8,9,389,389,512,3,14192.7,42466,42578,2,2,0,0
1,8,9,388,388,512,3,14192.7,42466,42578,2,2,0,0
1,8,9,387,387,512,3,14192.7,42466,42578,2,2,0,0
1,8,9,386,386,512,3,14192.7,42466,42578,2,2,0,0
1,8,9,385,385,512,3,14192.7,42466,42578,2,2,0,0
1,8,9,384,384,512,3,14192.7,42466,42578,2,2,0,0
1,8,9,383,383,512,3,14192.7,42466,42578,2,2,0,0
1,8,9,382,382,512,3,14192.7,42466,42578,2,2,0,0
1,8,9,381,381,512,3,14192.7,42466,42578,2,2,0,0
1,8,9,380,380,512,3,14192.7,42466,42578,2,2,0,0
1,8,9,379,379,512,3,14192.7,42466,42578,2,2,0,0
1,8,9,378,378,512,3,14192.7,42466,42578,2,2,0,0
1,8,9,377,377,512,3,14192.7,42466,42578,2,2,0,0
1,8,9,376,376,512,3,14192.7,42466,42578,2,2,0,0
1,8,9,375,375,512,3,14192.7,42466,42578,2,2,0,0
1,8,9,374,374,512,3,14192.7,42466,42578,2,2,0,0
1,8,9,373,373,512,3,14192.7,42466,42578,2,2,0,0
1,8,9,372,372,512,3,14192.7,42466,42578,2,2,0,0
1,8,9,371,371,512,3,14192.7,42466,42578,2,2,0,0
1,8,9,370,370,512,3,14192.7,42466,42578,2,2,0,0
1,8,9,369,369,512,3,14192.7,42466,42578,2,2,0,0
1,8,9,368,368,512,3,14192.7,42466,42578,2,2,0,0
1,8,9,367,367,512,3,14192.7,42466,42578,2,2,0,0
1,8,9,366,366,512,3,14192.7,42466,42578,2,2,0,0
1,8,9,365,365,512,3,14192.7,42466,42578,2,2,0,0
1,8,9,364,364,512,3,14192.7,42466,42578,2,2,0,0
1,8,9,363,363,512,3,14192.7,42466,42578,2,2,0,0
1,8,9,362,362,512,3,14192.7,42466,42578,2,2,0,0
1,8,9,361,361,512,3,14192.7,42466,42578,2,2,0,0
1,8,9,360,360,512,3,14192.7,42466,42578,2,2,0,0
1,8,9,359,359,512,3,14192.7,42466,42578,2,2,0,0
1,8,9,358,358,512,3,14192.7,42466,42578,2,2,0,0
1,8,9,357,357,512,3,14192.7,42466,42578,2,2,0,0
1,8,9,356,356,512,3,14192.7,42466,42578,2,2,0,0
1,8,9,355,355,512,3,14192.7,42466,42578,2,2,0,0
1,8,9,354,354,512,3,14192.7,42466,42578,2,2,0,0
1,8,9,353,353,512,3,14192.7,42466,42578,2,2,0,0
1,8,9,352,352,512,3,14192.7,42466,42578,2,2,0,0
1,8,9,351,351,512,3,14192.7,42466,42578,2,2,0,0
1,8,9,350,350,512,3,14192.7,42466,42578,2,2,0,0
1,8,9,349,349,512,3,14192.7,42466,42578,2,2,0,0
1,8,9,348,348,512,3,14192.7,42466,42578,2,2,0,0
1,8,9,347,347,512,3,14192.7,42466,42578,2,2,0,0
1,8,9,346,346,512,3,14192.7,42466,42578,2,2,0,0
1,8,9,345,345,512,3,14192.7,42466,42578,2,2,0,0
1,8,9,344,344,512,3,14192.7,42466,42578,2,2,0,0
1,8,9,343,343,512,3,14192.7,42466,42578,2,2,0,0
1,8,9,342,342,512,3,14192.7,42466,42578,2,2,0,0
1,8,9,341,341,512,3,14192.7,42466,42578,2,2,0,0
1,8,9,340,340,512,3,14192.7,42466,42578,2,2,0,0
1,8,9,339,339,512,3,14192.7,42466,42578,2,2,0,0
1,8,9,338,338,512,3,14192.7,42466,42578,2,2,0,0
1,8,9,337,337,512,3,14192.7,42466,42578,2,2,0,0
1,8,9,336,336,512,3,14192.7,42466,42578,2,2,0,0
1,8,9,335,335,512,3,14192.7,42466,42578,2,2,0,0
1,8,9,334,334,512,3,14192.7,42466,42578,2,2,0,0
1,8,9,333,333,512,3,14192.7,42466,42578,2,2,0,0
1,8,9,332,332,512,3,14192.7,42466,42578,2,2,0,0
1,8,9,331,331,512,3,14192.7,42466,42578,2,2,0,0
1,8,9,330,330,512,3,14192.7,42466,42578,2,2,0,0
1,8,9,329,329,512,3,14192.7,42466,42578,2,2,0,0
1,8,9,328,328,512,3,14192.7,42466,42578,2,2,0,0
1,8,9,327,327,512,3,14192.7,42466,42578,2,2,0,0
1,8,9,326,326,512,3,14192.7,42466,42578,2,2,0,0
1,8,9,325,325,512,3,14192.7,42466,42578,2,2,0,0
1,8,9,324,324,512,3,14192.7,42466,42578,2,2,0,0
1,8,9,323,323,512,3,14192.7,42466,42578,2,2,0,0
1,8,9,322,322,512,3,14192.7,42466,42578,2,2,0,0
1,8,9,321,321,512,3,14192.7,42466,42578,2,2,0,0
1,8,9,320,320,512,3,14192.7,42466,42578,2,2,0,0
1,8,9,319,319,512,3,14192.7,42466,42578,2,2,0,0
1,8,9,318,318,512,3,14192.7,42466,42578,2,2,0,0
1,8,9,317,317,512,3,14192.7,42466,42578,2,2,0,0
1,8,9,316,316,512,3,14192.7,42466,42578,2,2,0,0
1,8,9,315,315,512,3,14192.7,42466,42578,2,2,0,0
1,8,9,314,314,512,3,14192.7,42466,42578,2,2,0,0
1,8,9,313,313,512,3,14192.7,42466,42578,2,2,0,0
1,8,9,312,312,512,3,14192.7,42466,42578,2,2,0,0
1,8,9,311,311,512,3,14192.7,42466,42578,2,2,0,0
1,8,9,310,310,512,3,14192.7,42466,42578,2,2,0,0
1,8,9,309,309,512,3,14192.7,42466,42578,2,2,0,0
1,8,9,308,308,512,3,14192.7,42466,42578,2,2,0,0
1,8,9,307,307,512,3,14192.7,42466,42578,2,2,0,0
1,8,9,306,306,512,3,14192.7,42466,42578,2,2,0,0
1,8,9,305,305,512,3,14192.7,42466,42578,2,2,0,0
1,8,9,304,304,512,3,14192.7,42466,42578,2,2,0,0
1,8,9,303,303,512,3,14192.7,42466,42578,2,2,0,0
1,8,9,302,302,512,3,14192.7,42466,42578,2,2,0,0
1,8,9,301,301,512,3,14192.7,42466,42578,2,2,0,0
1,8,9,300,300,512,3,14192.7,42466,42578,2,2,0,0
1,8,9,299,299,512,3,14192.7,42466,42578,2,2,0,0
1,8,9,298,298,512,3,14192.7,42466,42578,2,2,0,0
1,8,9,297,297,512,3,14192.7,42466,42578,2,2,0,0
1,8,9,296,296,512,3,14192.7,42466,42578,2,2,0,0
1,8,9,295,295,512,3,14192.7,42466,42578,2,2,0,0
1,8,9,294,294,512,3,14192.7,42466,42578,2,2,0,0
1,8,9,293,293,512,3,14192.7,42466,42578,2,2,0,0
1,8,9,292,292,512,3,14192.7,42466,42578,2,2,0,0
1,8,9,291,291,512,3,14192.7,42466,42578,2,2,0,0
1,8,9,290,290,512,3,14192.7,42466,42578,2,2,0,0
1,8,9,289,289,512,3,14192.7,42466,42578,2,2,0,0
1,8,9,288,288,512,3,14192.7,42466,42578,2,2,0,0
1,8,9,287,287,512,3,14192.7,42466,42578,2,2,0,0
1,8,9,286,286,512,3,14192.7,42466,42578,2,2,0,0
1,8,9,285,285,512,3,14192.7,42466,42578,2,2,0,0
1,8,9,284,284,512,3,14192.7,42466,42578,2,2,0,0
1,8,9,283,283,512,3,14192.7,42466,42578,2,2,0,0
1,8,9,282,282,512,3,14192.7,42466,42578,2,2,0,0
1,8,9,281,281,512,3,14192.7,42466,42578,2,2,0,0
1,8,9,280,280,512,3,14192.7,42466,42578,2,2,0,0
1,8,9,279,279,512,3,14192.7,42466,42578,2,2,0,0
1,8,9,278,278,512,3,14192.7,42466,42578,2,2,0,0
1,8,9,277,277,512,3,14192.7,42466,42578,2,2,0,0
1,8,9,276,276,512,3,14192.7,42466,42578,2,2,0,0
1,8,9,275,275,512,3,14192.7,42466,42578,2,2,0,0
1,8,9,274,274,512,3,14192.7,42466,42578,2,2,0,0
1,8,9,273,273,512,3,14192.7,42466,42578,2,2,0,0
1,8,9,272,272,512,3,14192.7,42466,42578,2,2,0,0
1,8,9,271,271,512,3,14192.7,42466,42578,2,2,0,0
1,8,9,270,270,512,3,14192.7,42466,42578,2,2,0,0
1,8,9,269,269,512,3,14192.7,42466,42578,2,2,0,0
1,8,9,268,268,512,3,14192.7,42466,42578,2,2,0,0
1,8,9,267,267,512,3,14192.7,42466,42578,2,2,0,0
1,8,9,266,266,512,3,14192.7,42466,42578,2,2,0,0
1,8,9,265,265,512,3,14192.7,42466,42578,2,2,0,0
1,8,9,201,201.275,256,4,10644.2,42466,42577,1.5,2,1,1
1,8,9,264,264,256,4,10644.2,42249,42577,3,3,0,0
1,8,9,263,263,256,4,10644.2,42249,42577,3,3,0,0
1,8,9,262,262,256,4,10644.2,42249,42577,3,3,0,0
1,8,9,261,261,256,4,10644.2,42249,42577,3,3,0,0
1,8,9,260,260,256,4,10644.2,42249,42577,3,3,0,0
1,8,9,259,259,256,4,10644.2,42249,42577,3,3,0,0
1,8,9,258,258,256,4,10644.2,42249,42577,3,3,0,0
1,8,9,257,257,256,4,10644.2,42249,42577,3,3,0,0
1,8,9,256,256,256,4,10644.2,42249,42577,3,3,0,0
1,8,9,255,255,256,4,10644.2,42249,42577,3,3,0,0
1,8,9,254,254,256,4,10644.2,42249,42577,3,3,0,0
1,8,9,253,253,256,4,10644.2,42249,42577,3,3,0,0
1,8,9,252,252,256,4,10644.2,42249,42577,3,3,0,0
1,8,9,251,251,256,4,10644.2,42249,42577,3,3,0,0
1,8,9,250,250,256,4,10644.2,42249,42577,3,3,0,0
1,8,9,249,249,256,4,10644.2,42249,42577,3,3,0,0
1,8,9,248,248,256,4,10644.2,42249,42577,3,3,0,0
1,8,9,247,247,256,4,10644.2,42249,42577,3,3,0,0
1,8,9,246,246,256,4,10644.2,42249,42577,3,3,0,0
1,8,9,245,245,256,4,10644.2,42249,42577,3,3,0,0
1,8,9,244,244,256,4,10644.2,42249,42577,3,3,0,0
1,8,9,243,243,256,4,10644.2,42249,42577,3,3,0,0
1,8,9,242,242,256,4,10644.2,42249,42577,3,3,0,0
1,8,9,241,241,256,4,10644.2,42249,42577,3,3,0,0
1,8,9,240,240,256,4,10644.2,42249,42577,3,3,0,0
1,8,9,239,239,256,4,10644.2,42249,42577,3,3,0,0
1,8,9,238,238,256,4,10644.2,42249,42577,3,3,0,0
1,8,9,237,237,256,4,10644.2,42249,42577,3,3,0,0
1,8,9,236,236,256,4,10644.2,42249,42577,3,3,0,0
1,8,9,235,235,256,4,10644.2,42249,42577,3,3,0,0
1,8,9,234,234,256,4,10644.2,42249,42577,3,3,0,0
1,8,9,233,233,256,4,10644.2,42249,42577,3,3,0,0
1,8,9,232,232,256,4,10644.2,42249,42577,3,3,0,0
1,8,9,231,231,256,4,10644.2,42249,42577,3,3,0,0
1,8,9,230,230,256,4,10644.2,42249,42577,3,3,0,0
1,8,9,229,229,256,4,10644.2,42249,42577,3,3,0,0
1,8,9,228,228,256,4,10644.2,42249,42577,3,3,0,0
1,8,9,227,227,256,4,10644.2,42249,42577,3,3,0,0
1,8,9,226,226,256,4,10644.2,42249,42577,3,3,0,0
1,8,9,225,225,256,4,10644.2,42249,42577,3,3,0,0
1,8,9,224,224,256,4,10644.2,42249,42577,3,3,0,0
1,8,9,223,223,256,4,10644.2,42249,42577,3,3,0,0
1,8,9,222,222,256,4,10644.2,42249,42577,3,3,0,0
1,8,9,221,221,256,4,10644.2,42249,42577,3,3,0,0
1,8,9,220,220,256,4,10644.2,42249,42577,3,3,0,0
1,8,9,219,219,256,4,10644.2,42249,42577,3,3,0,0
1,8,9,218,218,256,4,10644.2,42249,42577,3,3,0,0
1,8,9,217,217,256,4,10644.2,42249,42577,3,3,0,0
1,8,9,216,216,256,4,10644.2,42249,42577,3,3,0,0
1,8,9,215,215,256,4,10644.2,42249,42577,3,3,0,0
1,8,9,214,214,256,4,10644.2,42249,42577,3,3,0,0
1,8,9,213,213,256,4,10644.2,42249,42577,3,3,0,0
1,8,9,212,212,256,4,10644.2,42249,42577,3,3,0,0
1,8,9,211,211,256,4,10644.2,42249,42577,3,3,0,0
1,8,9,210,210,256,4,10644.2,42249,42577,3,3,0,0
1,8,9,209,209,256,4,10644.2,42249,42577,3,3,0,0
1,8,9,208,208,256,4,10644.2,42249,42577,3,3,0,0
1,8,9,207,207,256,4,10644.2,42249,42577,3,3,0,0
1,8,9,206,206,256,4,10644.2,42249,42577,3,3,0,0
1,8,9,205,205,256,4,10644.2,42249,42577,3,3,0,0
1,8,9,204,204,256,4,10644.2,42249,42577,3,3,0,0
1,8,9,203,203,256,4,10644.2,42249,42577,3,3,0,0
1,8,9,202,202,256,4,10644.2,42249,42577,3,3,0,0
1,8,9,201,201,256,4,10644.2,42249,42577,3,3,1,1
1,8,9,177,177.065,256,5,8515.2,42249,42576,2.4,3,2,2
1,8,9,200,200,256,5,8515.2,42249,42576,4,4,1,1
1,8,9,199,199,256,5,8515.2,42249,42576,4,4,1,1
1,8,9,198,198,256,5,8515.2,42249,42576,4,4,1,1
1,8,9,197,197,256,5,8515.2,42249,42576,4,4,1,1
1,8,9,196,196,256,5,8515.2,42249,42576,4,4,1,1
1,8,9,195,195,256,5,8515.2,42249,42576,4,4,1,1
1,8,9,194,194,256,5,8515.2,42249,42576,4,4,1,1
1,8,9,193,193,256,5,8515.2,42249,42576,4,4,1,1
1,8,9,192,192,256,5,8515.2,42249,42576,4,4,1,1
1,8,9,191,191,256,5,8515.2,42249,42576,4,4,1,1
1,8,9,190,190,256,5,8515.2,42249,42576,4,4,1,1
1,8,9,189,189,256,5,8515.2,42249,42576,4,4,1,1
1,8,9,188,188,256,5,8515.2,42249,42576,4,4,1,1
1,8,9,187,187,256,5,8515.2,42249,42576,4,4,1,1
1,8,9,186,186,256,5,8515.2,42249,42576,4,4,1,1
1,8,9,185,185,256,5,8515.2,42249,42576,4,4,1,1
1,8,9,184,184,256,5,8515.2,42249,42576,4,4,1,1
1,8,9,183,183,256,5,8515.2,42249,42576,4,4,1,1
1,8,9,182,182,256,5,8515.2,42249,42576,4,4,1,1
1,8,9,181,181,256,5,8515.2,42249,42576,4,4,1,1
1,8,9,180,180,256,5,8515.2,42249,42576,4,4,1,1
1,8,9,179,179,256,5,8515.2,42249,42576,4,4,1,1
1,8,9,178,178,256,5,8515.2,42249,42576,4,4,1,1
1,8,9,177,177,256,5,8515.2,42249,42576,4,4,2,2
1,8,9,172,172.89,256,6,7095.83,42249,42575,3.33333,4,1.5,2
1,8,9,176,176,256,6,7095.83,42249,42575,5,5,2,2
1,8,9,175,175,256,6,7095.83,42249,42575,5,5,2,2
1,8,9,174,174,256,6,7095.83,42249,42575,5,5,2,2
1,8,9,173,173,256,6,7095.83,42249,42575,5,5,2,2
1,8,9,172,172,256,6,7095.83,42249,42575,5,5,1.5,2
1,8,9,144,144.644,256,7,6082,42249,42574,4,5,2,2
1,8,9,171,171,256,7,6082,42249,42574,6,6,1.5,2
1,8,9,170,170,256,7,6082,42249,42574,6,6,1.5,2
1,8,9,169,169,256,7,6082,42249,42574,6,6,1.5,2
1,8,9,168,168,256,7,6082,42249,42574,6,6,1.5,2
1,8,9,167,167,256,7,6082,42249,42574,6,6,1.5,2
1,8,9,166,166,256,7,6082,42249,42574,6,6,1.5,2
1,8,9,165,165,256,7,6082,42249,42574,6,6,1.5,2
1,8,9,164,164,256,7,6082,42249,42574,6,6,1.5,2
1,8,9,163,163,256,7,6082,42249,42574,6,6,1.5,2
1,8,9,162,162,256,7,6082,42249,42574,6,6,1.5,2
1,8,9,161,161,256,7,6082,42249,42574,6,6,1.5,2
1,8,9,160,160,256,7,6082,42249,42574,6,6,1.5,2
1,8,9,159,159,256,7,6082,42249,42574,6,6,1.5,2
1,8,9,158,158,256,7,6082,42249,42574,6,6,1.5,2
1,8,9,157,157,256,7,6082,42249,42574,6,6,1.5,2
1,8,9,156,156,256,7,6082,42249,42574,6,6,1.5,2
1,8,9,155,155,256,7,6082,42249,42574,6,6,1.5,2
1,8,9,154,154,256,7,6082,42249,42574,6,6,1.5,2
1,8,9,153,153,256,7,6082,42249,42574,6,6,1.5,2
1,8,9,152,152,256,7,6082,42249,42574,6,6,1.5,2
1,8,9,151,151,256,7,6082,42249,42574,6,6,1.5,2
1,8,9,150,150,256,7,6082,42249,42574,6,6,1.5,2
1,8,9,149,149,256,7,6082,42249,42574,6,6,1.5,2
1,8,9,148,148,256,7,6082,42249,42574,6,6,1.5,2
1,8,9,147,147,256,7,6082,42249,42574,6,6,1.5,2
1,8,9,146,146,256,7,6082,42249,42574,5.71429,6,1.5,2
1,8,9,145,145,256,7,6082,42249,42574,5.71429,6,1.5,2
1,8,9,144,144,256,7,6082,42249,42574,5.71429,6,2,2
1,8,9,135,135.778,256,8,5321.62,42249,42573,4.75,6,1.66667,2
1,8,9,143,143,256,8,5321.62,41748,42573,6.5,7,2,2
1,8,9,142,142,256,8,5321.62,41748,42573,6.5,7,2,2
1,8,9,141,141,256,8,5321.62,41748,42573,6.5,7,2,2
1,8,9,140,140,256,8,5321.62,41748,42573,6.5,7,2,2
1,8,9,139,139,256,8,5321.62,41748,42573,6.5,7,2,2
1,8,9,138,138,256,8,5321.62,41748,42573,6.5,7,2,2
1,8,9,137,137,256,8,5321.62,41748,42573,6.5,7,2,2
1,8,9,136,136,256,8,5321.62,41748,42573,6.5,7,2,2
1,8,9,135,135,256,8,5321.62,41748,42573,6.5,7,1.66667,2
1,8,9,126,126.594,128,9,4730.22,41748,42572,5.77778,7,1.5,2
1,8,9,134,134,128,9,4730.22,41748,42572,7.55556,8,1.66667,2
1,8,9,133,133,128,9,4730.22,41748,42572,7.55556,8,1.66667,2
1,8,9,132,132,128,9,4730.22,41748,42572,7.55556,8,1.66667,2
1,8,9,131,131,128,9,4730.22,41748,42572,7.55556,8,1.66667,2
1,8,9,130,130,128,9,4730.22,41748,42572,7.55556,8,1.66667,2
1,8,9,129,129,128,9,4730.22,41748,42572,7.55556,8,1.66667,2
1,8,9,128,128,128,9,4730.22,41748,42572,7.55556,8,1.66667,2
1,8,9,127,127,128,9,4730.22,41748,42572,7.55556,8,1.66667,2
1,8,9,126,126,128,9,4730.22,41748,42572,7.55556,8,1.5,2
1,8,9,116,116.328,128,10,4257.1,41748,42571,6.6,8,1.4,2
1,8,9,125,125,128,10,4257.1,41748,42571,8.4,9,1.5,2
1,8,9,124,124,128,10,4257.1,41748,42571,8.4,9,1.5,2
1,8,9,123,123,128,10,4257.1,41748,42571,8.4,9,1.5,2
1,8,9,122,122,128,10,4257.1,41748,42571,8.4,9,1.5,2
1,8,9,121,121,128,10,4257.1,41748,42571,8.4,9,1.5,2
1,8,9,120,120,128,10,4257.1,41748,42571,8.4,9,1.5,2
1,8,9,119,119,128,10,4257.1,41748,42571,8.4,9,1.5,2
1,8,9,118,118,128,10,4257.1,41748,42571,8.4,9,1.5,2
1,8,9,117,117,128,10,4257.1,41748,42571,8.4,9,1.5,2
1,8,9,116,116,128,10,4257.1,41748,42571,8.4,9,1.4,2
1,8,9,106,106.988,128,11,3870,41748,42570,7.27273,9,1.6,2
1,8,9,115,115,128,11,3870,41475,42570,9.45455,10,1.4,2
1,8,9,114,114,128,11,3870,41475,42570,9.45455,10,1.4,2
1,8,9,113,113,128,11,3870,41475,42570,9.45455,10,1.4,2
1,8,9,112,112,128,11,3870,41475,42570,9.27273,10,1.4,2
1,8,9,111,111,128,11,3870,41475,42570,9.27273,10,1.4,2
1,8,9,110,110,128,11,3870,41475,42570,9.27273,10,1.4,2
1,8,9,109,109,128,11,3870,41475,42570,9.27273,10,1.4,2
1,8,9,108,108,128,11,3870,41475,42570,9.27273,10,1.4,2
1,8,9,107,107,128,11,3870,41475,42570,9.09091,10,1.4,2
1,8,9,106,106,128,11,3870,41475,42570,9.09091,10,1.6,2
1,8,9,95,95.1491,128,12,3547.42,41475,42569,7.83333,10,1.33333,2
1,8,9,105,105,128,12,3547.42,41475,42569,9.83333,11,1.6,2
1,8,9,104,104,128,12,3547.42,41475,42569,9.83333,11,1.6,2
1,8,9,103,103,128,12,3547.42,41475,42569,9.83333,11,1.6,2
1,8,9,102,102,128,12,3547.42,41475,42569,9.83333,11,1.6,2
1,8,9,101,101,128,12,3547.42,41475,42569,9.83333,11,1.6,2
1,8,9,100,100,128,12,3547.42,41475,42569,9.66667,11,1.4,2
1,8,9,99,99,128,12,3547.42,41475,42569,9.66667,11,1.4,2
1,8,9,98,98,128,12,3547.42,41475,42569,9.5,11,1.4,2
1,8,9,97,97,128,12,3547.42,41475,42569,9.5,11,1.4,2
1,8,9,96,96,128,12,3547.42,41475,42569,9.5,11,1.4,2
1,8,9,95,95,128,12,3547.42,41475,42569,9.5,11,1.33333,2
1,8,9,94,94.9119,128,14,3040.5,40564,42567,9.14286,12,1.66667,3
1,8,9,94,94,128,14,3040.5,40563,42567,10.5714,13,1.66667,3
1,8,9,93,93.2617,128,15,2837.73,40563,42566,9.86667,13,1.57143,3
1,8,9,93,93,128,15,2837.73,40563,42566,11.4667,14,1.57143,3
1,8,9,90,90.5668,128,16,2660.31,40563,42565,10.75,14,1.71429,3
1,8,9,92,92,128,16,2660.31,40563,42565,12.625,15,1.57143,3
1,8,9,91,91,128,16,2660.31,40563,42565,12.625,15,1.57143,3
1,8,9,90,90,128,16,2660.31,40563,42565,12.625,15,1.71429,3
1,8,9,87,87.9613,128,17,2503.76,40563,42564,11.5294,15,2,4
1,8,9,89,89,128,17,2503.76,40563,42564,13.1765,16,1.71429,3
1,8,9,88,88,128,17,2503.76,40563,42564,13.0588,16,1.83333,3
1,8,9,87,87,128,17,2503.76,40563,42564,13.0588,16,2,4
1,8,9,84,84.3496,128,18,2364.61,40563,42563,11.7778,16,2,5
1,8,9,86,86,128,18,2364.61,40563,42563,13.6667,17,1.83333,4
1,8,9,85,85,128,18,2364.61,40563,42563,13.6667,17,1.83333,4
1,8,9,84,84,128,18,2364.61,40563,42563,13.4444,17,2,5
1,8,9,82,82.5026,128,19,2240.11,40563,42562,12.6316,17,2.16667,5
1,8,9,83,83,128,19,2240.11,40563,42562,14.1053,18,2,5
1,8,9,82,82,128,19,2240.11,40563,42562,13.8947,18,2.16667,5
1,8,9,81,81.6318,128,20,2128.05,40563,42561,13.2,18,2.33333,5
1,8,9,81,81,128,20,2128.05,40563,42561,14.8,19,2.33333,5
1,8,9,78,78.8689,128,21,2026.67,40563,42560,13.8095,18,2.5,6
1,8,9,80,80,128,21,2026.67,39737,42560,15.5238,20,2.33333,5
1,8,9,79,79,128,21,2026.67,39737,42560,15.2381,19,2.33333,5
1,8,9,78,78,128,21,2026.67,39737,42560,15.2381,19,2.5,6
1,8,9,77,77.5224,128,23,1850.35,39737,42558,15.3043,20,2.83333,6
1,8,9,77,77,128,23,1850.35,39736,42558,16.4348,21,2.83333,6
1,8,9,74,74.899,128,25,1702.24,39736,42556,16.32,21,3.16667,7
1,8,9,76,76,128,25,1702.24,39736,42556,18.16,23,2.83333,6
1,8,9,75,75,128,25,1702.24,39736,42556,17.84,22,2.83333,6
1,8,9,74,74,128,25,1702.24,39736,42556,17.68,22,3.16667,7
1,8,9,73,73.7835,128,26,1636.73,39736,42555,16.9231,22,3.33333,7
1,8,9,73,73,128,26,1636.73,39736,42555,18.6154,23,3.33333,7
1,8,9,72,72.3358,128,27,1576.07,39736,42554,17.7778,23,4,8
1,8,9,72,72,128,27,1576.07,39736,42554,19.4074,24,4,8
1,8,9,67,67.7857,128,28,1519.75,39736,42553,17.7143,23,4,8
1,8,9,71,71,128,28,1519.75,37201,42553,19.7857,25,4,8
1,8,9,70,70,128,28,1519.75,37201,42553,19.5714,25,4,8
1,8,9,69,69,128,28,1519.75,37201,42553,19.1429,25,4,8
1,8,9,68,68,128,28,1519.75,37201,42553,19,24,4,8
1,8,9,67,67,128,28,1519.75,37201,42553,18.7143,24,4,8
1,8,9,66,66.9711,128,30,1418.37,37201,42551,19,25,4.4,9
1,8,9,66,66,128,30,1418.37,37201,42551,20.3333,26,4.4,9
1,8,9,64,64.0377,128,31,1372.58,37201,42550,19.1613,25,4.6,9
1,8,9,65,65,128,31,1372.58,37201,42550,21.0323,27,4.4,9
1,8,9,64,64,128,31,1372.58,37201,42550,20.8387,26,4.6,9
1,8,9,63,63.8665,64,32,1329.66,37201,42549,20.1875,26,3.83333,9
1,8,9,63,63,64,32,1329.66,37201,42549,21.5625,27,3.83333,9
1,8,9,62,62.6294,64,34,1251.38,37190,42547,21.4706,28,3.125,9
1,8,9,62,62,64,34,1251.38,37190,42547,22.7647,29,3.125,9
1,8,9,61,61.7178,64,38,1119.55,37189,42543,24.4211,32,2.9,9
1,8,9,61,61,64,38,1119.55,37189,42543,25.8947,33,2.9,9
1,8,9,60,60.7721,64,41,1037.56,37189,42540,27.0244,35,2.90909,9
1,8,9,60,60,64,41,1037.56,35801,42540,27.9512,36,2.90909,9
1,8,9,59,59.2895,64,43,989.256,35801,42538,28,37,2.83333,9
1,8,9,59,59,64,43,989.256,35769,42538,29.0233,37,2.83333,9
1,8,9,58,58.6996,64,44,966.75,35769,42537,28.1364,37,2.83333,8
1,8,9,58,58,64,44,966.75,35769,42537,29.3636,38,2.83333,8
1,8,9,57,57.3336,64,47,904.979,35769,42534,29.6596,40,2.64286,8
1,8,9,57,57,64,47,904.979,35769,42534,30.2128,40,2.64286,8
1,8,9,56,56.5211,64,48,886.104,35769,42533,29.1667,39,2.53333,8
1,8,9,56,56,64,48,886.104,35769,42533,30.375,40,2.53333,8
1,8,9,55,55.8783,64,49,868,35769,42532,29.6735,40,2.4375,8
1,8,9,55,55,64,49,868,35769,42532,30.6939,41,2.4375,8
1,8,9,54,54.668,64,51,833.922,35769,42530,30.902,42,2.41176,8
1,8,9,54,54,64,51,833.922,35769,42530,31.4902,43,2.41176,8
1,8,9,53,53.9329,64,54,787.537,35769,42527,32.7407,45,2.38889,8
1,8,9,53,53,64,54,787.537,34665,42527,33.1111,46,2.38889,8
1,8,9,52,52.967,64,55,773.2,34665,42526,32.5091,46,2.31579,8
1,8,9,52,52,64,55,773.2,34665,42526,33.2364,45,2.31579,8
1,8,9,51,51.5499,64,57,746.035,34665,42524,33.1579,46,2.42105,8
1,8,9,51,51,64,57,746.035,34665,42524,33.9298,47,2.42105,8
1,8,9,50,50.7602,64,58,733.155,34665,42523,33.069,47,2.35,8
1,8,9,50,50,64,58,733.155,34665,42523,34.069,48,2.35,8
1,8,9,49,49.9756,64,61,697.049,34644,42520,34.6557,50,2.5,8
1,8,9,49,49,64,61,697.049,34644,42520,35.377,50,2.5,8
1,8,9,48,48.9052,64,66,644.167,34644,42515,37.1515,53,2.61905,8
1,8,9,48,48,64,66,644.167,34644,42515,37.9394,53,2.61905,8
1,8,9,47,47.9432,64,69,616.116,34644,42512,38.9565,55,2.75,8
1,8,9,47,47,64,69,616.116,34644,42512,39.2174,56,2.75,8
1,8,9,46,46.9536,64,73,582.301,34626,42508,41.0959,59,3.05263,8
1,8,9,46,46,64,73,582.301,34626,42508,41.3973,58,3.05263,8
1,8,9,45,45.8626,64,82,518.28,33388,42499,46.7073,66,3.3,8
1,8,9,45,45,64,82,518.28,33388,42499,47.2683,66,3.3,8
1,8,9,44,44.8671,64,87,488.437,33380,42494,49.7931,70,3.55,8
1,8,9,44,44,64,87,488.437,33330,42494,49.3103,69,3.55,8
1,8,9,43,43.7089,64,90,472.122,33330,42491,50.1556,70,3.65,8
1,8,9,43,43,64,90,472.122,33330,42491,50.8222,71,3.65,8
1,8,9,42,42.8954,64,95,447.221,33330,42486,53.4526,75,3.5,9
1,8,9,42,42,64,95,447.221,33330,42486,53.0316,74,3.5,9
1,8,9,41,41.9535,64,105,404.533,30549,42476,59.2,83,3.73913,11
1,8,9,41,41,64,105,404.533,30549,42476,59.3524,83,3.73913,11
1,8,9,40,40.8337,64,111,382.613,30549,42470,62.018,87,3.79167,12
1,8,9,40,40,64,111,382.613,30549,42470,62.1081,86,3.79167,12
1,8,9,39,39.8889,64,116,366.078,30188,42465,64.3793,90,3.95833,13
1,8,9,39,39,64,116,366.078,30188,42465,64.1724,91,3.95833,13
1,8,9,38,38.5961,64,126,336.944,30006,42455,69.5079,97,4.12,14
1,8,9,38,38,64,126,336.944,30006,42455,69.8254,97,4.12,14
1,8,9,37,37.8747,64,135,314.415,30005,42446,72.6815,103,4.23077,16
1,8,9,37,37,64,135,314.415,30005,42446,71.6444,102,4.23077,16
1,8,9,36,36.9763,64,141,300.993,30005,42440,75.5319,107,4.22222,18
1,8,9,36,36,64,141,300.993,30005,42440,73.9858,106,4.22222,18
1,8,9,35,35.8954,64,157,270.217,27898,42424,82.5605,117,4.81481,21
1,8,9,35,35,64,157,270.217,27898,42424,81.0701,116,4.81481,21
1,8,9,34,34.8987,64,167,253.976,27249,42414,85.3413,123,5.18519,22
1,8,9,34,34,64,167,253.976,27249,42414,83.8204,123,5.18519,22
1,8,9,33,33.9899,64,175,242.32,27217,42406,88.3429,129,5.37037,24
1,8,9,33,33,64,175,242.32,27217,42406,86.3543,128,5.37037,24
1,8,9,32,32.9408,64,190,223.111,26916,42391,95.3895,141,5.88889,29
1,8,9,32,32,64,190,223.111,26916,42391,93.1053,140,5.88889,29
1,8,9,31,31.8763,32,207,204.705,26205,42374,102.802,154,5.60714,28
1,8,9,31,31,32,207,204.705,26205,42374,100.251,150,5.60714,28
1,8,9,30,30.9514,32,225,188.249,26205,42356,110.916,164,3.90698,26
1,8,9,30,30,32,225,188.249,26205,42356,106.942,161,3.90698,26
1,8,9,29,29.9413,32,244,173.512,25305,42337,116.361,174,3.17241,26
1,8,9,29,29,32,244,173.512,25305,42337,112.164,169,3.17241,26
1,8,9,28,28.9454,32,268,157.884,25292,42313,125.91,189,2.68421,26
1,8,9,28,28,32,268,157.884,25255,42313,120.112,183,2.68421,26
1,8,9,27,27.9391,32,293,144.328,24329,42288,136.123,205,2.72289,26
1,8,9,27,27,32,293,144.328,24329,42288,130.642,200,2.72289,26
1,8,9,26,26.9881,32,320,132.066,22758,42261,147.35,224,2.73626,27
1,8,9,26,26,32,320,132.066,22758,42261,140.456,219,2.73626,27
1,8,9,25,25.9184,32,356,118.61,22547,42225,159.736,245,2.84848,26
1,8,9,25,25,32,356,118.61,22547,42225,152.629,239,2.84848,26
1,8,9,24,24.9837,32,407,103.622,21718,42174,187.803,287,3.125,27
1,8,9,24,24,32,407,103.622,21718,42174,178.197,281,3.125,27
1,8,9,23,23.9917,32,455,92.5846,18774,42126,201.675,315,3.23894,26
1,8,9,23,23,32,455,92.5846,18774,42126,190.334,306,3.23894,26
1,8,9,22,22.9963,32,516,81.5213,17470,42065,224.407,355,3.5,27
1,8,9,22,22,32,516,81.5213,17470,42065,210.287,340,3.5,27
1,8,9,21,22,32,578,72.6696,17324,42003,244.862,387,3.79675,31
1,8,9,21,21,32,578,72.6696,17324,42003,228.384,369,3.79675,31
1,8,9,20,20.9993,32,664,63.128,16172,41917,280.395,444,4.16279,35
1,8,9,20,20,32,664,63.128,16172,41917,260.584,429,4.16279,35
1,8,9,19,19.9873,32,770,54.3,14255,41811,323.722,520,4.79389,43
1,8,9,19,19,32,770,54.3,14255,41811,298.771,495,4.79389,43
1,8,9,18,18.9966,32,918,45.3845,12178,41663,379.649,608,5.80916,56
1,8,9,18,18,32,918,45.3845,12178,41663,347.791,576,5.80916,56
1,8,9,17,17.9991,32,1074,38.6471,10766,41507,437.786,710,6.6,62
1,8,9,17,17,32,1074,38.6471,10766,41507,397.017,674,6.6,62
1,8,9,16,16.9999,32,1275,32.3969,9512,41306,503.198,835,8.09848,85
1,8,9,16,16,32,1275,32.3969,9512,41306,451.704,779,8.09848,85
1,8,9,15,15.9951,16,1505,27.293,7557,41076,578.877,957,8.14729,85
1,8,9,15,15,16,1505,27.293,7557,41076,513.12,887,8.14729,85
1,8,9,14,14.9965,16,1793,22.7485,6108,40788,679.333,1141,3.68182,85
1,8,9,14,14,16,1793,22.7485,6108,40788,592.951,1063,3.68182,85
1,8,9,13,13.9993,16,2179,18.5415,2717,40402,804.934,1374,2.96903,88
1,8,9,13,13,16,2179,18.5415,2717,40402,689.259,1264,2.96903,88
1,8,9,12,12.9989,16,2681,14.8825,1466,39900,951.939,1649,2.96377,96
1,8,9,12,12,16,2681,14.8825,1466,39900,794.95,1498,2.96377,96
1,8,9,11,11.991,16,3400,11.5238,959,39181,1154.57,2053,3.34383,97
1,8,9,11,11,16,3400,11.5238,959,39181,941.212,1838,3.34383,97
1,8,9,10,10.9988,16,4347,8.79549,1004,38234,1402.82,2588,4.09727,121
1,8,9,10,10,16,4347,8.79549,1004,38234,1099.98,2282,4.09727,121
1,8,9,9,9.99963,16,5606,6.59561,579,36975,1690.08,3197,5.11353,143
1,8,9,9,9,16,5606,6.59561,579,36975,1264.88,2766,5.11353,143
1,8,9,8,8.99984,16,7315,4.82105,513,35266,1992.78,3963,6.79649,204
1,8,9,8,8,16,7315,4.82105,513,35266,1391.4,3299,6.79649,204
1,8,9,7,7.99966,8,9784,3.35211,227,32797,2299.4,4862,6.71081,202
1,8,9,7,7,8,9784,3.35211,227,32797,1455.08,3814,6.71081,202
1,8,9,6,6.99955,8,13148,2.23859,238,29433,2584.53,5940,2.68063,189
1,8,9,6,6,8,13148,2.23859,238,29433,1401.36,4328,2.68063,189
1,8,9,5,5.99991,8,17582,1.42185,80,24999,2571.77,6895,2.66906,155
1,8,9,5,5,8,17582,1.42185,80,24999,1096.27,4505,2.66906,155
1,8,9,4,4.99997,8,23022,0.849579,52,19559,2059.47,6964,3.12757,45
1,8,9,4,4,8,23022,0.849579,52,19559,601.149,3526,3.12757,45
1,8,9,3,4,4,28635,0.487026,27,13946,1121.52,5516,2.8352,40
1,8,9,3,3,4,28635,0.487026,27,13946,173.678,1734,2.8352,40
1,8,9,2,2.99988,4,34685,0.227649,17,7896,317.243,2928,1.28581,8
1,8,9,2,2,4,34685,0.227649,17,7896,16.1183,435,1.28581,8
1,8,9,1,1.99964,2,38379,0.109487,21,4202,25.168,599,1,1
1,8,9,1,1,2,38379,0.109487,21,4202,0.28255,10,1,1
